Subject,Start Date,Start Time,End Date,End Time,All Day Event,Description,Location,Private
Subject 1,01/21/22,2:00,01/21/22,2:00,False,Description 1,Location 1,False
Subject 2,01/21/22,3:00,01/21/22,3:00,False,Description 2,Location 2,False
Subject 3,01/21/22,4:00,01/21/22,4:00,True,Description 3,Location 3,False
Subject 4,01/24/22,5:00,01/24/22,5:00,False,Description 4,Location 4,False
Subject 5,01/24/22,6:00,01/24/22,6:00,False,Description 5,Location 5,False
Subject 6,01/24/22,7:00,01/24/22,7:00,True,Description 6,Location 6,False
Subject 7,01/24/22,8:00,01/24/22,8:00,True,Description 7,Location 7,True
Subject 8,01/24/22,9:00,01/24/22,9:00,True,Description 8,Location 8,True
Subject 9,01/27/22,10:00,01/27/22,10:00,True,Description 9,Location 9,True
Subject 10,01/28/22,11:00,01/28/22,11:00,True,Description 10,Location 10,True
Subject 11,01/28/22,12:00,01/28/22,12:00,False,Description 11,Location 11,True
Subject 12,01/28/22,13:00,01/28/22,13:00,False,Description 12,Location 12,True
Subject 13,01/28/22,14:00,01/28/22,14:00,False,Description 13,Location 13,True
Subject 14,01/28/22,15:00,01/28/22,15:00,False,Description 14,Location 14,True
Subject 15,01/28/22,16:00,01/28/22,16:00,False,Description 15,Location 15,True
Subject 16,01/28/22,17:00,01/28/22,17:00,False,Description 16,Location 16,False
Subject 17,01/28/22,1:00,01/28/22,1:00,False,Description 17,Location 17,False
Subject 18,01/28/22,2:00,01/28/22,2:00,False,Description 18,Location 18,False
Subject 19,01/28/22,3:00,01/28/22,3:00,True,Description 19,Location 19,False
Subject 20,01/28/22,4:00,01/28/22,4:00,True,Description 20,Location 20,False
Subject 21,01/31/22,5:00,01/31/22,5:00,True,Description 21,Location 21,True
Subject 22,01/31/22,6:00,01/31/22,6:00,True,Description 22,Location 22,True
Subject 23,01/31/22,7:00,01/31/22,7:00,True,Description 23,Location 23,True
Subject 24,01/31/22,8:00,01/31/22,8:00,False,Description 24,Location 24,True
Subject 25,02/03/22,9:00,02/03/22,9:00,False,Description 25,Location 25,True
Subject 26,02/03/22,10:00,02/03/22,10:00,False,Description 26,Location 26,True
Subject 27,02/04/22,11:00,02/04/22,11:00,False,Description 27,Location 27,True
Subject 28,02/04/22,12:00,02/04/22,12:00,False,Description 28,Location 28,True
Subject 29,02/04/22,13:00,02/04/22,13:00,False,Description 29,Location 29,True
Subject 30,02/04/22,14:00,02/04/22,14:00,False,Description 30,Location 30,True
Subject 31,02/04/22,15:00,02/04/22,15:00,False,Description 31,Location 31,True
Subject 32,02/04/22,16:00,02/04/22,16:00,False,Description 32,Location 32,True
Subject 33,02/10/22,17:00,02/10/22,17:00,False,Description 33,Location 33,True
Subject 34,02/11/22,1:00,02/11/22,1:00,False,Description 34,Location 34,True
Subject 35,02/11/22,2:00,02/11/22,2:00,False,Description 35,Location 35,True
Subject 36,02/11/22,3:00,02/11/22,3:00,False,Description 36,Location 36,True
Subject 37,02/11/22,4:00,02/11/22,4:00,False,Description 37,Location 37,True
Subject 38,02/11/22,5:00,02/11/22,5:00,False,Description 38,Location 38,True
Subject 39,02/11/22,6:00,02/11/22,6:00,False,Description 39,Location 39,True
Subject 40,02/11/22,7:00,02/11/22,7:00,False,Description 40,Location 40,True
Subject 41,02/11/22,8:00,02/11/22,8:00,False,Description 41,Location 41,True
Subject 42,02/11/22,9:00,02/11/22,9:00,False,Description 42,Location 42,True
Subject 43,02/11/22,10:00,02/11/22,10:00,False,Description 43,Location 43,True
Subject 44,02/11/22,11:00,02/11/22,11:00,False,Description 44,Location 44,True
Subject 45,02/11/22,12:00,02/11/22,12:00,False,Description 45,Location 45,True
Subject 46,02/11/22,13:00,02/11/22,13:00,False,Description 46,Location 46,True
Subject 47,02/18/22,14:00,02/18/22,14:00,False,Description 47,Location 47,True
Subject 48,02/18/22,15:00,02/18/22,15:00,False,Description 48,Location 48,True
Subject 49,03/08/22,16:00,03/08/22,16:00,False,Description 49,Location 49,False
Subject 50,03/08/22,17:00,03/08/22,17:00,True,Description 50,Location 50,False
Subject 51,03/22/22,1:00,03/22/22,1:00,True,Description 51,Location 51,False
Subject 52,03/22/22,2:00,03/22/22,2:00,True,Description 52,Location 52,False
